{
  "NTProvider": {
    "types": {
      "/FMSInfo": "FMSInfo",
      "/LiveWindow/Ungrouped/PIDController[10]": "PIDController",
      "/LiveWindow/Ungrouped/PIDController[11]": "PIDController",
      "/LiveWindow/Ungrouped/PIDController[1]": "PIDController",
      "/LiveWindow/Ungrouped/PIDController[2]": "PIDController",
      "/LiveWindow/Ungrouped/PIDController[3]": "PIDController",
      "/LiveWindow/Ungrouped/PIDController[4]": "PIDController",
      "/LiveWindow/Ungrouped/PIDController[5]": "PIDController",
      "/LiveWindow/Ungrouped/PIDController[6]": "PIDController",
      "/LiveWindow/Ungrouped/PIDController[7]": "PIDController",
      "/LiveWindow/Ungrouped/PIDController[8]": "PIDController",
      "/LiveWindow/Ungrouped/PIDController[9]": "PIDController",
      "/LiveWindow/Ungrouped/Scheduler": "Scheduler",
      "/Shuffleboard/MAIN/SendableChooser[0]": "String Chooser",
      "/SmartDashboard/Auto Routine": "String Chooser",
      "/SmartDashboard/PPSwerveControllerCommand_field": "Field2d",
      "/SmartDashboard/simCamera Sim Field": "Field2d"
    }
  }
}
