{
  "NTProvider": {
    "types": {
      "/FMSInfo": "FMSInfo",
      "/LiveWindow/CollectorSubsystem": "Subsystem",
      "/LiveWindow/DrivetrainSubsystem": "Subsystem",
      "/LiveWindow/LimeLight": "Subsystem",
      "/LiveWindow/ShooterSubsystem": "Subsystem",
      "/LiveWindow/StorageSubsystem": "Subsystem",
      "/LiveWindow/TelescopeSubsystem": "Subsystem",
      "/LiveWindow/Ungrouped/DigitalInput[0]": "Digital Input",
      "/LiveWindow/Ungrouped/DigitalInput[1]": "Digital Input",
      "/LiveWindow/Ungrouped/PIDController[100]": "PIDController",
      "/LiveWindow/Ungrouped/PIDController[101]": "PIDController",
      "/LiveWindow/Ungrouped/PIDController[102]": "PIDController",
      "/LiveWindow/Ungrouped/PIDController[103]": "PIDController",
      "/LiveWindow/Ungrouped/PIDController[104]": "PIDController",
      "/LiveWindow/Ungrouped/PIDController[105]": "PIDController",
      "/LiveWindow/Ungrouped/PIDController[106]": "PIDController",
      "/LiveWindow/Ungrouped/PIDController[107]": "PIDController",
      "/LiveWindow/Ungrouped/PIDController[108]": "PIDController",
      "/LiveWindow/Ungrouped/PIDController[109]": "PIDController",
      "/LiveWindow/Ungrouped/PIDController[10]": "PIDController",
      "/LiveWindow/Ungrouped/PIDController[110]": "PIDController",
      "/LiveWindow/Ungrouped/PIDController[111]": "PIDController",
      "/LiveWindow/Ungrouped/PIDController[112]": "PIDController",
      "/LiveWindow/Ungrouped/PIDController[113]": "PIDController",
      "/LiveWindow/Ungrouped/PIDController[114]": "PIDController",
      "/LiveWindow/Ungrouped/PIDController[115]": "PIDController",
      "/LiveWindow/Ungrouped/PIDController[116]": "PIDController",
      "/LiveWindow/Ungrouped/PIDController[117]": "PIDController",
      "/LiveWindow/Ungrouped/PIDController[118]": "PIDController",
      "/LiveWindow/Ungrouped/PIDController[119]": "PIDController",
      "/LiveWindow/Ungrouped/PIDController[11]": "PIDController",
      "/LiveWindow/Ungrouped/PIDController[120]": "PIDController",
      "/LiveWindow/Ungrouped/PIDController[121]": "PIDController",
      "/LiveWindow/Ungrouped/PIDController[122]": "PIDController",
      "/LiveWindow/Ungrouped/PIDController[123]": "PIDController",
      "/LiveWindow/Ungrouped/PIDController[124]": "PIDController",
      "/LiveWindow/Ungrouped/PIDController[125]": "PIDController",
      "/LiveWindow/Ungrouped/PIDController[126]": "PIDController",
      "/LiveWindow/Ungrouped/PIDController[127]": "PIDController",
      "/LiveWindow/Ungrouped/PIDController[128]": "PIDController",
      "/LiveWindow/Ungrouped/PIDController[129]": "PIDController",
      "/LiveWindow/Ungrouped/PIDController[12]": "PIDController",
      "/LiveWindow/Ungrouped/PIDController[130]": "PIDController",
      "/LiveWindow/Ungrouped/PIDController[131]": "PIDController",
      "/LiveWindow/Ungrouped/PIDController[132]": "PIDController",
      "/LiveWindow/Ungrouped/PIDController[133]": "PIDController",
      "/LiveWindow/Ungrouped/PIDController[134]": "PIDController",
      "/LiveWindow/Ungrouped/PIDController[135]": "PIDController",
      "/LiveWindow/Ungrouped/PIDController[136]": "PIDController",
      "/LiveWindow/Ungrouped/PIDController[137]": "PIDController",
      "/LiveWindow/Ungrouped/PIDController[138]": "PIDController",
      "/LiveWindow/Ungrouped/PIDController[139]": "PIDController",
      "/LiveWindow/Ungrouped/PIDController[13]": "PIDController",
      "/LiveWindow/Ungrouped/PIDController[140]": "PIDController",
      "/LiveWindow/Ungrouped/PIDController[141]": "PIDController",
      "/LiveWindow/Ungrouped/PIDController[142]": "PIDController",
      "/LiveWindow/Ungrouped/PIDController[143]": "PIDController",
      "/LiveWindow/Ungrouped/PIDController[144]": "PIDController",
      "/LiveWindow/Ungrouped/PIDController[145]": "PIDController",
      "/LiveWindow/Ungrouped/PIDController[146]": "PIDController",
      "/LiveWindow/Ungrouped/PIDController[147]": "PIDController",
      "/LiveWindow/Ungrouped/PIDController[148]": "PIDController",
      "/LiveWindow/Ungrouped/PIDController[149]": "PIDController",
      "/LiveWindow/Ungrouped/PIDController[14]": "PIDController",
      "/LiveWindow/Ungrouped/PIDController[150]": "PIDController",
      "/LiveWindow/Ungrouped/PIDController[151]": "PIDController",
      "/LiveWindow/Ungrouped/PIDController[152]": "PIDController",
      "/LiveWindow/Ungrouped/PIDController[153]": "PIDController",
      "/LiveWindow/Ungrouped/PIDController[154]": "PIDController",
      "/LiveWindow/Ungrouped/PIDController[155]": "PIDController",
      "/LiveWindow/Ungrouped/PIDController[156]": "PIDController",
      "/LiveWindow/Ungrouped/PIDController[157]": "PIDController",
      "/LiveWindow/Ungrouped/PIDController[158]": "PIDController",
      "/LiveWindow/Ungrouped/PIDController[15]": "PIDController",
      "/LiveWindow/Ungrouped/PIDController[16]": "PIDController",
      "/LiveWindow/Ungrouped/PIDController[17]": "PIDController",
      "/LiveWindow/Ungrouped/PIDController[18]": "PIDController",
      "/LiveWindow/Ungrouped/PIDController[19]": "PIDController",
      "/LiveWindow/Ungrouped/PIDController[1]": "PIDController",
      "/LiveWindow/Ungrouped/PIDController[20]": "PIDController",
      "/LiveWindow/Ungrouped/PIDController[21]": "PIDController",
      "/LiveWindow/Ungrouped/PIDController[22]": "PIDController",
      "/LiveWindow/Ungrouped/PIDController[23]": "PIDController",
      "/LiveWindow/Ungrouped/PIDController[24]": "PIDController",
      "/LiveWindow/Ungrouped/PIDController[25]": "PIDController",
      "/LiveWindow/Ungrouped/PIDController[26]": "PIDController",
      "/LiveWindow/Ungrouped/PIDController[27]": "PIDController",
      "/LiveWindow/Ungrouped/PIDController[28]": "PIDController",
      "/LiveWindow/Ungrouped/PIDController[29]": "PIDController",
      "/LiveWindow/Ungrouped/PIDController[2]": "PIDController",
      "/LiveWindow/Ungrouped/PIDController[30]": "PIDController",
      "/LiveWindow/Ungrouped/PIDController[31]": "PIDController",
      "/LiveWindow/Ungrouped/PIDController[32]": "PIDController",
      "/LiveWindow/Ungrouped/PIDController[33]": "PIDController",
      "/LiveWindow/Ungrouped/PIDController[34]": "PIDController",
      "/LiveWindow/Ungrouped/PIDController[35]": "PIDController",
      "/LiveWindow/Ungrouped/PIDController[36]": "PIDController",
      "/LiveWindow/Ungrouped/PIDController[37]": "PIDController",
      "/LiveWindow/Ungrouped/PIDController[38]": "PIDController",
      "/LiveWindow/Ungrouped/PIDController[39]": "PIDController",
      "/LiveWindow/Ungrouped/PIDController[3]": "PIDController",
      "/LiveWindow/Ungrouped/PIDController[40]": "PIDController",
      "/LiveWindow/Ungrouped/PIDController[41]": "PIDController",
      "/LiveWindow/Ungrouped/PIDController[42]": "PIDController",
      "/LiveWindow/Ungrouped/PIDController[43]": "PIDController",
      "/LiveWindow/Ungrouped/PIDController[44]": "PIDController",
      "/LiveWindow/Ungrouped/PIDController[45]": "PIDController",
      "/LiveWindow/Ungrouped/PIDController[46]": "PIDController",
      "/LiveWindow/Ungrouped/PIDController[47]": "PIDController",
      "/LiveWindow/Ungrouped/PIDController[48]": "PIDController",
      "/LiveWindow/Ungrouped/PIDController[49]": "PIDController",
      "/LiveWindow/Ungrouped/PIDController[4]": "PIDController",
      "/LiveWindow/Ungrouped/PIDController[50]": "PIDController",
      "/LiveWindow/Ungrouped/PIDController[51]": "PIDController",
      "/LiveWindow/Ungrouped/PIDController[52]": "PIDController",
      "/LiveWindow/Ungrouped/PIDController[53]": "PIDController",
      "/LiveWindow/Ungrouped/PIDController[54]": "PIDController",
      "/LiveWindow/Ungrouped/PIDController[55]": "PIDController",
      "/LiveWindow/Ungrouped/PIDController[56]": "PIDController",
      "/LiveWindow/Ungrouped/PIDController[57]": "PIDController",
      "/LiveWindow/Ungrouped/PIDController[58]": "PIDController",
      "/LiveWindow/Ungrouped/PIDController[59]": "PIDController",
      "/LiveWindow/Ungrouped/PIDController[5]": "PIDController",
      "/LiveWindow/Ungrouped/PIDController[60]": "PIDController",
      "/LiveWindow/Ungrouped/PIDController[61]": "PIDController",
      "/LiveWindow/Ungrouped/PIDController[62]": "PIDController",
      "/LiveWindow/Ungrouped/PIDController[63]": "PIDController",
      "/LiveWindow/Ungrouped/PIDController[64]": "PIDController",
      "/LiveWindow/Ungrouped/PIDController[65]": "PIDController",
      "/LiveWindow/Ungrouped/PIDController[66]": "PIDController",
      "/LiveWindow/Ungrouped/PIDController[67]": "PIDController",
      "/LiveWindow/Ungrouped/PIDController[68]": "PIDController",
      "/LiveWindow/Ungrouped/PIDController[69]": "PIDController",
      "/LiveWindow/Ungrouped/PIDController[6]": "PIDController",
      "/LiveWindow/Ungrouped/PIDController[70]": "PIDController",
      "/LiveWindow/Ungrouped/PIDController[71]": "PIDController",
      "/LiveWindow/Ungrouped/PIDController[72]": "PIDController",
      "/LiveWindow/Ungrouped/PIDController[73]": "PIDController",
      "/LiveWindow/Ungrouped/PIDController[74]": "PIDController",
      "/LiveWindow/Ungrouped/PIDController[75]": "PIDController",
      "/LiveWindow/Ungrouped/PIDController[76]": "PIDController",
      "/LiveWindow/Ungrouped/PIDController[77]": "PIDController",
      "/LiveWindow/Ungrouped/PIDController[78]": "PIDController",
      "/LiveWindow/Ungrouped/PIDController[79]": "PIDController",
      "/LiveWindow/Ungrouped/PIDController[7]": "PIDController",
      "/LiveWindow/Ungrouped/PIDController[80]": "PIDController",
      "/LiveWindow/Ungrouped/PIDController[81]": "PIDController",
      "/LiveWindow/Ungrouped/PIDController[82]": "PIDController",
      "/LiveWindow/Ungrouped/PIDController[83]": "PIDController",
      "/LiveWindow/Ungrouped/PIDController[84]": "PIDController",
      "/LiveWindow/Ungrouped/PIDController[85]": "PIDController",
      "/LiveWindow/Ungrouped/PIDController[86]": "PIDController",
      "/LiveWindow/Ungrouped/PIDController[87]": "PIDController",
      "/LiveWindow/Ungrouped/PIDController[88]": "PIDController",
      "/LiveWindow/Ungrouped/PIDController[89]": "PIDController",
      "/LiveWindow/Ungrouped/PIDController[8]": "PIDController",
      "/LiveWindow/Ungrouped/PIDController[90]": "PIDController",
      "/LiveWindow/Ungrouped/PIDController[91]": "PIDController",
      "/LiveWindow/Ungrouped/PIDController[92]": "PIDController",
      "/LiveWindow/Ungrouped/PIDController[93]": "PIDController",
      "/LiveWindow/Ungrouped/PIDController[94]": "PIDController",
      "/LiveWindow/Ungrouped/PIDController[95]": "PIDController",
      "/LiveWindow/Ungrouped/PIDController[96]": "PIDController",
      "/LiveWindow/Ungrouped/PIDController[97]": "PIDController",
      "/LiveWindow/Ungrouped/PIDController[98]": "PIDController",
      "/LiveWindow/Ungrouped/PIDController[99]": "PIDController",
      "/LiveWindow/Ungrouped/PIDController[9]": "PIDController",
      "/LiveWindow/Ungrouped/Scheduler": "Scheduler",
      "/LiveWindow/Ungrouped/Talon FX [10]": "Motor Controller",
      "/LiveWindow/Ungrouped/Talon FX [12]": "Motor Controller",
      "/LiveWindow/Ungrouped/navX-Sensor[4]": "Gyro",
      "/Shuffleboard/Drivetrain/Zero Roll": "Command",
      "/Shuffleboard/LimeLight/Set Pipeline": "Command",
      "/Shuffleboard/LimeLight/Turn Off LEDs": "Command",
      "/Shuffleboard/LimeLight/Turn On LEDs": "Command",
      "/SmartDashboard/0 Count": "Command",
      "/SmartDashboard/1 Count": "Command",
      "/SmartDashboard/2 Count": "Command",
      "/SmartDashboard/Brake Climber": "Command",
      "/SmartDashboard/Climb2": "Command",
      "/SmartDashboard/Climber to Home": "Command",
      "/SmartDashboard/ClimberStep1": "Command",
      "/SmartDashboard/Coast Climber": "Command",
      "/SmartDashboard/Decrement Offset": "Command",
      "/SmartDashboard/Increment Offset": "Command",
      "/SmartDashboard/Lower Shoot Hood": "Command",
      "/SmartDashboard/Powercycle Limelight": "Command",
      "/SmartDashboard/Raise Shoot Hood": "Command",
      "/SmartDashboard/Reset Limelight Pipeline": "Command",
      "/SmartDashboard/SendableChooser[0]": "String Chooser",
      "/SmartDashboard/Zero Climber": "Command",
      "/SmartDashboard/Zero Gyro": "Command",
      "/SmartDashboard/Zero Roll": "Command"
    }
  }
}
